民國年月日,線別,車站,電梯位置,編號,保養週期,保養時段
1150902,Wenhu Line(文湖線),BR01(動物園站),P(月台),1,1M(月檢),D(日保)
1150902,Wenhu Line(文湖線),BR01(動物園站),P(月台),2,1M(月檢),D(日保)
1150901,Wenhu Line(文湖線),BR01(動物園站),EX1(出口1),3,1Y(年檢),D(日保)
1150909,Wenhu Line(文湖線),BR01(動物園站),EX2(出口2),4,1M(月檢),D(日保)
1150919,Wenhu Line(文湖線),BR02(木柵站),P(月台),1,1M(月檢),N(夜保)
1150919,Wenhu Line(文湖線),BR02(木柵站),P(月台),2,1M(月檢),N(夜保)
1150909,Wenhu Line(文湖線),BR02(木柵站),K(停車場),3,1M(月檢),D(日保)
1150918,Wenhu Line(文湖線),BR03(萬芳社區站),P(月台),1,1M(月檢),N(夜保)
1150918,Wenhu Line(文湖線),BR03(萬芳社區站),P(月台),2,1M(月檢),N(夜保)
1150901,Wenhu Line(文湖線),BR04(萬芳醫院站),P(月台),1,1M(月檢),N(夜保)
1150901,Wenhu Line(文湖線),BR04(萬芳醫院站),P(月台),2,1M(月檢),N(夜保)
1150901,Wenhu Line(文湖線),BR04(萬芳醫院站),EX(出口),3,1M(月檢),N(夜保)
1150916,Wenhu Line(文湖線),BR05(辛亥站),P(月台),1,1M(月檢),N(夜保)
1150917,Wenhu Line(文湖線),BR05(辛亥站),P(月台),2,1Y(年檢),N(夜保)
1150915,Wenhu Line(文湖線),BR06(麟光站),P(月台),1,1M(月檢),N(夜保)
1150912,Wenhu Line(文湖線),BR06(麟光站),P(月台),2,1Y(年檢),N(夜保)
1150915,Wenhu Line(文湖線),BR06(麟光站),EX(出口),3,1M(月檢),N(夜保)
1150911,Wenhu Line(文湖線),BR07(六張犁站),P(月台),1,1M(月檢),N(夜保)
1150910,Wenhu Line(文湖線),BR07(六張犁站),P(月台),2,1Y(年檢),N(夜保)
1150911,Wenhu Line(文湖線),BR07(六張犁站),EX(出口),3,1M(月檢),N(夜保)
1150909,Wenhu Line(文湖線),BR08(科技大樓站),EX(出口),1,1M(月檢),N(夜保)
1150909,Wenhu Line(文湖線),BR08(科技大樓站),P(月台),2,1M(月檢),N(夜保)
1150909,Wenhu Line(文湖線),BR08(科技大樓站),P(月台),3,1M(月檢),N(夜保)
1150908,Wenhu Line(文湖線),BR09(大安站),EX4(出口4),1,1M(月檢),N(夜保)
1150908,Wenhu Line(文湖線),BR09(大安站),P(月台),2,1M(月檢),N(夜保)
1150908,Wenhu Line(文湖線),BR09(大安站),P(月台),3,1M(月檢),N(夜保)
1150901,Wenhu Line(文湖線),BR10(忠孝復興站),EX2(出口2),1,1M(月檢),N(夜保)
1150901,Wenhu Line(文湖線),BR10(忠孝復興站),P(月台),2,1M(月檢),N(夜保)
1150901,Wenhu Line(文湖線),BR10(忠孝復興站),P(月台),3,1M(月檢),N(夜保)
1150903,Wenhu Line(文湖線),BR11(南京復興站),T(轉乘通道),1,1M(月檢),N(夜保)
1150905,Wenhu Line(文湖線),BR11(南京復興站),P(月台),2,1M(月檢),N(夜保)
1150905,Wenhu Line(文湖線),BR11(南京復興站),P(月台),3,1M(月檢),N(夜保)
1150903,Wenhu Line(文湖線),BR11(南京復興站),EX7(出口7),4,1M(月檢),N(夜保)
1150904,Wenhu Line(文湖線),BR12(中山國中站),P(月台),1,1M(月檢),N(夜保)
1150904,Wenhu Line(文湖線),BR12(中山國中站),P(月台),2,1M(月檢),N(夜保)
1150904,Wenhu Line(文湖線),BR12(中山國中站),EX(出口),3,1M(月檢),N(夜保)
1150907,Wenhu Line(文湖線),BR13(松山機場站),EX2(出口2),1,1M(月檢),P(日保)
1150922,Wenhu Line(文湖線),BR13(松山機場站),EX1(出口1),2,1M(月檢),P(日保)
1150907,Wenhu Line(文湖線),BR13(松山機場站),EX3(出口3),3,1M(月檢),A(日保)
1150922,Wenhu Line(文湖線),BR13(松山機場站),EX3(出口3),4,1Y(年檢),D(日保)
1150907,Wenhu Line(文湖線),BR13(松山機場站),P(月台),5,1M(月檢),P(日保)
1150921,Wenhu Line(文湖線),BR13(松山機場站),P(月台),6,1M(月檢),P(日保)
1150909,Wenhu Line(文湖線),BR14(大直站),EX3(出口3),1,1M(月檢),P(日保)
1150923,Wenhu Line(文湖線),BR14(大直站),EX1(出口1),2,1M(月檢),P(日保)
1150909,Wenhu Line(文湖線),BR14(大直站),P(月台),3,1M(月檢),A(日保)
1150930,Wenhu Line(文湖線),BR15(劍南路站),EX2(出口2),1,1M(月檢),P(日保)
1150910,Wenhu Line(文湖線),BR15(劍南路站),P(月台),2,1M(月檢),P(日保)
1150929,Wenhu Line(文湖線),BR15(劍南路站),P(月台),3,1M(月檢),A(日保)
1150910,Wenhu Line(文湖線),BR15(劍南路站),EX1(出口1),4,1M(月檢),P(日保)
1150930,Wenhu Line(文湖線),BR16(西湖站),P(月台),1,1M(月檢),P(日保)
1150914,Wenhu Line(文湖線),BR16(西湖站),EX1(出口1),2,1Y(年檢),D(日保)
1150930,Wenhu Line(文湖線),BR16(西湖站),EX2(出口2),3,1M(月檢),P(日保)
1150909,Wenhu Line(文湖線),BR17(港墘站),EX1(出口1),1,1M(月檢),P(日保)
1150922,Wenhu Line(文湖線),BR17(港墘站),P(月台),2,1M(月檢),P(日保)
1150909,Wenhu Line(文湖線),BR17(港墘站),P(月台),3,1M(月檢),A(日保)
1150922,Wenhu Line(文湖線),BR17(港墘站),EX2(出口2),4,1M(月檢),P(日保)
1150911,Wenhu Line(文湖線),BR18(文德站),EX2(出口2),1,1M(月檢),A(日保)
1150929,Wenhu Line(文湖線),BR18(文德站),P(月台),2,1M(月檢),P(日保)
1150911,Wenhu Line(文湖線),BR18(文德站),P(月台),3,1M(月檢),P(日保)
1150929,Wenhu Line(文湖線),BR18(文德站),EX1(出口1),4,1M(月檢),P(日保)
1150911,Wenhu Line(文湖線),BR19(內湖站),EX1(出口1),1,1M(月檢),P(日保)
1150930,Wenhu Line(文湖線),BR19(內湖站),P(月台),2,1Y(年檢),D(日保)
1150911,Wenhu Line(文湖線),BR19(內湖站),P(月台),3,1M(月檢),P(日保)
1150930,Wenhu Line(文湖線),BR19(內湖站),EX2(出口2),4,1M(月檢),P(日保)
1150904,Wenhu Line(文湖線),BR19(內湖站),K(停車場),5,1M(月檢),D(日保)
1150914,Wenhu Line(文湖線),BR20(大湖公園站),EX2(出口2),1,1M(月檢),P(日保)
1150929,Wenhu Line(文湖線),BR20(大湖公園站),P(月台),2,1M(月檢),P(日保)
1150914,Wenhu Line(文湖線),BR20(大湖公園站),P(月台),3,1M(月檢),P(日保)
1150930,Wenhu Line(文湖線),BR20(大湖公園站),EX1(出口1),4,1M(月檢),P(日保)
1150909,Wenhu Line(文湖線),BR21(葫洲站),EX2(出口2),1,1M(月檢),P(日保)
1150922,Wenhu Line(文湖線),BR21(葫洲站),P(月台),2,1M(月檢),P(日保)
1150909,Wenhu Line(文湖線),BR21(葫洲站),P(月台),3,1M(月檢),P(日保)
1150922,Wenhu Line(文湖線),BR21(葫洲站),EX1(出口1),4,1M(月檢),A(日保)
1150911,Wenhu Line(文湖線),BR22(東湖站),EX3(出口3),1,1Y(年檢),D(日保)
1150924,Wenhu Line(文湖線),BR22(東湖站),P(月台),2,1M(月檢),P(日保)
1150911,Wenhu Line(文湖線),BR22(東湖站),P(月台),3,1M(月檢),P(日保)
1150929,Wenhu Line(文湖線),BR22(東湖站),EX2(出口2),4,1M(月檢),A(日保)
1150923,Wenhu Line(文湖線),BR22(東湖站),EX1(出口1),5,1M(月檢),D(日保)
1150914,Wenhu Line(文湖線),BR23(南港軟體園區站),EX1(出口1),1,1M(月檢),A(日保)
1150930,Wenhu Line(文湖線),BR23(南港軟體園區站),P(月台),2,1M(月檢),P(日保)
1150914,Wenhu Line(文湖線),BR23(南港軟體園區站),P(月台),3,1M(月檢),P(日保)
1150930,Wenhu Line(文湖線),BR23(南港軟體園區站),EX2(出口2),4,1M(月檢),P(日保)
1150921,Wenhu Line(文湖線),BR24(南港展覽館站),P(月台),1,1M(月檢),P(日保)
1150922,Wenhu Line(文湖線),BR24(南港展覽館站),EX2(出口2),2,1M(月檢),P(日保)
1150902,Wenhu Line(文湖線),G1U(貓纜動物園站),EX(出口),1,1M(月檢),A(日保)
1150917,Wenhu Line(文湖線),G1U(貓纜動物園站),P(月台),2,1M(月檢),A(日保)
1150917,Wenhu Line(文湖線),G1U(貓纜動物園站),P(月台),3,1M(月檢),A(日保)
1150903,Wenhu Line(文湖線),G3U(貓纜動物園南站),P(月台),1,1M(月檢),P(日保)
1150903,Wenhu Line(文湖線),G3U(貓纜動物園南站),P(月台),2,1M(月檢),P(日保)
1150904,Wenhu Line(文湖線),G5U(貓纜指南宮站),T(轉乘通道),1,1M(月檢),P(日保)
1150907,Wenhu Line(文湖線),G5U(貓纜指南宮站),T(轉乘通道),2,1Y(年檢),D(日保)
1150904,Wenhu Line(文湖線),G5U(貓纜指南宮站),P(月台),3,1M(月檢),A(日保)
1150904,Wenhu Line(文湖線),G5U(貓纜指南宮站),P(月台),4,1M(月檢),P(日保)
1150930,Wenhu Line(文湖線),G6U(貓纜貓空站),EX(出口),1,1M(月檢),N(夜保)
1150930,Tamsui-Xinyi Line(淡水信義線),R02(象山站),EX1(出口1),1,1M(月檢),D(日保)
1150915,Tamsui-Xinyi Line(淡水信義線),R02(象山站),P(月台),2,1M(月檢),N(夜保)
1150930,Tamsui-Xinyi Line(淡水信義線),R02(象山站),EX2(出口2),3,1M(月檢),D(日保)
1150930,Tamsui-Xinyi Line(淡水信義線),R03(台北101/世貿站),EX5(出口5),1,1M(月檢),D(日保)
1150916,Tamsui-Xinyi Line(淡水信義線),R03(台北101/世貿站),P(月台),2,1M(月檢),N(夜保)
1150929,Tamsui-Xinyi Line(淡水信義線),R03(台北101/世貿站),EX4(出口4),3,1Y(年檢),D(日保)
1150929,Tamsui-Xinyi Line(淡水信義線),R03(台北101/世貿站),EX3(出口3),4,1M(月檢),D(日保)
1150917,Tamsui-Xinyi Line(淡水信義線),R04(信義安和站),P(月台),1,1M(月檢),N(夜保)
1150901,Tamsui-Xinyi Line(淡水信義線),R04(信義安和站),EX2A(出口2A),2,1M(月檢),N(夜保)
1150910,Tamsui-Xinyi Line(淡水信義線),R04(信義安和站),EX5(出口5),3,1Y(年檢),D(日保)
1150919,Tamsui-Xinyi Line(淡水信義線),R05(大安站),T(轉乘通道),1,1Y(年檢),N(夜保)
1150901,Tamsui-Xinyi Line(淡水信義線),R05(大安站),EX3(出口3),2,1M(月檢),N(夜保)
1150902,Tamsui-Xinyi Line(淡水信義線),R05(大安站),P(月台),3,1M(月檢),D(日保)
1150918,Tamsui-Xinyi Line(淡水信義線),R06(大安森林公園站),P(月台),1,1M(月檢),N(夜保)
1150902,Tamsui-Xinyi Line(淡水信義線),R06(大安森林公園站),EX5(出口5),2,1M(月檢),D(日保)
1150902,Tamsui-Xinyi Line(淡水信義線),R06(大安森林公園站),EX4(出口4),3,1M(月檢),D(日保)
1150902,Tamsui-Xinyi Line(淡水信義線),R06(大安森林公園站),EX6(出口6),4,1M(月檢),D(日保)
1150914,Tamsui-Xinyi Line(淡水信義線),R09(台大醫院站),EX2(出口2),1,1M(月檢),A(日保)
1150914,Tamsui-Xinyi Line(淡水信義線),R09(台大醫院站),P(月台),2,1M(月檢),P(日保)
1150914,Tamsui-Xinyi Line(淡水信義線),R09(台大醫院站),EX3(出口3),3,1M(月檢),P(日保)
1150925,Tamsui-Xinyi Line(淡水信義線),R10(台北車站),P(月台),1,1M(月檢),N(夜保)
1150925,Tamsui-Xinyi Line(淡水信義線),R10(台北車站),T(轉乘通道),2,1M(月檢),N(夜保)
1150927,Tamsui-Xinyi Line(淡水信義線),R10(台北車站),EX2(出口2),3,1M(月檢),N(夜保)
1150904,Tamsui-Xinyi Line(淡水信義線),R11(中山站),EX2(出口2),1,1M(月檢),N(夜保)
1150904,Tamsui-Xinyi Line(淡水信義線),R11(中山站),P(月台),2,1M(月檢),N(夜保)
1150905,Tamsui-Xinyi Line(淡水信義線),R12(雙連站),EX2(出口2),1,1M(月檢),N(夜保)
1150906,Tamsui-Xinyi Line(淡水信義線),R12(雙連站),P(月台),2,1M(月檢),N(夜保)
1150907,Tamsui-Xinyi Line(淡水信義線),R13(民權西路站),P(月台),1,1M(月檢),N(夜保)
1150907,Tamsui-Xinyi Line(淡水信義線),R14(圓山站),P(月台),1,1M(月檢),N(夜保)
1150908,Tamsui-Xinyi Line(淡水信義線),R15(劍潭站),P(月台),1,1M(月檢),N(夜保)
1150908,Tamsui-Xinyi Line(淡水信義線),R15(劍潭站),P(月台),2,1M(月檢),N(夜保)
1150909,Tamsui-Xinyi Line(淡水信義線),R16(士林站),P(月台),1,1M(月檢),N(夜保)
1150909,Tamsui-Xinyi Line(淡水信義線),R17(芝山站),P(月台),1,1M(月檢),N(夜保)
1150907,Tamsui-Xinyi Line(淡水信義線),R17(芝山站),P(月台),2,1Y(年檢),N(夜保)
1150910,Tamsui-Xinyi Line(淡水信義線),R18(明德站),P(月台),1,1M(月檢),N(夜保)
1150911,Tamsui-Xinyi Line(淡水信義線),R19(石牌站),P(月台),1,1M(月檢),N(夜保)
1150908,Tamsui-Xinyi Line(淡水信義線),R19(石牌站),P(月台),2,1M(月檢),N(夜保)
1150912,Tamsui-Xinyi Line(淡水信義線),R20(唭哩岸站),P(月台),1,1M(月檢),N(夜保)
1150912,Tamsui-Xinyi Line(淡水信義線),R21(奇岩站),P(月台),1,1M(月檢),N(夜保)
1150914,Tamsui-Xinyi Line(淡水信義線),R22(北投站),P(月台),1,1M(月檢),D(日保)
1150916,Tamsui-Xinyi Line(淡水信義線),R22(北投站),P(月台),2,1M(月檢),D(日保)
1150916,Tamsui-Xinyi Line(淡水信義線),R22(北投站),P(月台),3,1M(月檢),D(日保)
1150911,Tamsui-Xinyi Line(淡水信義線),R22(北投站),P(月台),4,1M(月檢),D(日保)
1150911,Tamsui-Xinyi Line(淡水信義線),R22(北投站),P(月台),5,1M(月檢),D(日保)
1150911,Tamsui-Xinyi Line(淡水信義線),R22(北投站),P(月台),6,1M(月檢),D(日保)
1150913,Tamsui-Xinyi Line(淡水信義線),R22A(新北投站),P(月台),1,1M(月檢),N(夜保)
1150914,Tamsui-Xinyi Line(淡水信義線),R23(復興崗站),P(月台),1,1Y(年檢),N(夜保)
1150913,Tamsui-Xinyi Line(淡水信義線),R23(復興崗站),P(月台),2,1M(月檢),N(夜保)
1150917,Tamsui-Xinyi Line(淡水信義線),R24(忠義站),P(月台),1,1M(月檢),N(夜保)
1150915,Tamsui-Xinyi Line(淡水信義線),R24(忠義站),P(月台),2,1Y(年檢),N(夜保)
1150916,Tamsui-Xinyi Line(淡水信義線),R25(關渡站),P(月台),1,1Y(年檢),N(夜保)
1150917,Tamsui-Xinyi Line(淡水信義線),R25(關渡站),P(月台),2,1M(月檢),N(夜保)
1150908,Tamsui-Xinyi Line(淡水信義線),R25(關渡站),K(停車場),3,1Y(年檢),D(日保)
1150918,Tamsui-Xinyi Line(淡水信義線),R26(竹圍站),P(月台),1,1M(月檢),N(夜保)
1150918,Tamsui-Xinyi Line(淡水信義線),R26(竹圍站),P(月台),2,1M(月檢),N(夜保)
1150919,Tamsui-Xinyi Line(淡水信義線),R27(紅樹林站),P(月台),1,1M(月檢),N(夜保)
1150919,Tamsui-Xinyi Line(淡水信義線),R27(紅樹林站),P(月台),2,1M(月檢),N(夜保)
1150919,Tamsui-Xinyi Line(淡水信義線),R27(紅樹林站),K(停車場),3,1M(月檢),N(夜保)
1150920,Tamsui-Xinyi Line(淡水信義線),R28(淡水站),K(停車場),1,1M(月檢),N(夜保)
1150920,Tamsui-Xinyi Line(淡水信義線),R28(淡水站),P(月台),2,1M(月檢),N(夜保)
1150901,Songshan-Xindian Line(松山新店線),G01(新店站),P(月台),1,1M(月檢),A(日保)
1150901,Songshan-Xindian Line(松山新店線),G01(新店站),K(停車場),2,1M(月檢),P(日保)
1150902,Songshan-Xindian Line(松山新店線),G01(新店站),P(月台),3,1Y(年檢),D(日保)
1150901,Songshan-Xindian Line(松山新店線),G01(新店站),K(停車場),4,1M(月檢),P(日保)
1150901,Songshan-Xindian Line(松山新店線),G01(新店站),K(停車場),5,1M(月檢),A(日保)
1150907,Songshan-Xindian Line(松山新店線),G02(新店區公所站),P(月台),1,1M(月檢),P(日保)
1150907,Songshan-Xindian Line(松山新店線),G02(新店區公所站),P(月台),2,1M(月檢),P(日保)
1150908,Songshan-Xindian Line(松山新店線),G03(七張站),P(月台),1,1M(月檢),P(日保)
1150908,Songshan-Xindian Line(松山新店線),G03(七張站),P(月台),2,1M(月檢),P(日保)
1150915,Songshan-Xindian Line(松山新店線),G03A(小碧潭站),EX2(出口2),1,1M(月檢),D(日保)
1150915,Songshan-Xindian Line(松山新店線),G03A(小碧潭站),EX1(出口1),2,1M(月檢),D(日保)
1150909,Songshan-Xindian Line(松山新店線),G04(大坪林站),P(月台),1,1M(月檢),A(日保)
1150909,Songshan-Xindian Line(松山新店線),G04(大坪林站),EX3(出口3),2,1M(月檢),A(日保)
1150909,Songshan-Xindian Line(松山新店線),G05(景美站),P(月台),1,1Y(年檢),D(日保)
1150901,Songshan-Xindian Line(松山新店線),G05(景美站),EX1(出口1),2,1M(月檢),P(日保)
1150910,Songshan-Xindian Line(松山新店線),G06(萬隆站),P(月台),1,1M(月檢),A(日保)
1150910,Songshan-Xindian Line(松山新店線),G06(萬隆站),EX4(出口4),2,1M(月檢),P(日保)
1150910,Songshan-Xindian Line(松山新店線),G07(公館站),P(月台),1,1M(月檢),P(日保)
1150910,Songshan-Xindian Line(松山新店線),G07(公館站),EX1(出口1),2,1M(月檢),A(日保)
1150918,Songshan-Xindian Line(松山新店線),G07(公館站),EX2(出口2),3,1M(月檢),D(日保)
1150911,Songshan-Xindian Line(松山新店線),G08(台電大樓站),P(月台),1,1M(月檢),P(日保)
1150911,Songshan-Xindian Line(松山新店線),G08(台電大樓站),EX5(出口5),2,1M(月檢),P(日保)
1150929,Songshan-Xindian Line(松山新店線),G09(古亭站),P(月台),1,1M(月檢),N(夜保)
1150929,Songshan-Xindian Line(松山新店線),G09(古亭站),EX1(出口1),2,1M(月檢),N(夜保)
1150911,Songshan-Xindian Line(松山新店線),G10(中正紀念堂站),P(月台),1,1M(月檢),A(日保)
1150911,Songshan-Xindian Line(松山新店線),G10(中正紀念堂站),EX5(出口5),2,1Y(年檢),D(日保)
1150910,Songshan-Xindian Line(松山新店線),G10(中正紀念堂站),EX5(出口5),3,1M(月檢),P(日保)
1150922,Songshan-Xindian Line(松山新店線),G10(中正紀念堂站),P(月台),4,1M(月檢),N(夜保)
1150923,Songshan-Xindian Line(松山新店線),G10(中正紀念堂站),EX1(出口1),5,1Y(年檢),N(夜保)
1150930,Songshan-Xindian Line(松山新店線),G11(小南門站),P(月台),1,1M(月檢),A(日保)
1150930,Songshan-Xindian Line(松山新店線),G11(小南門站),EX4(出口4),3,1M(月檢),N(夜保)
1150930,Songshan-Xindian Line(松山新店線),G11(小南門站),EX3(出口3),4,1M(月檢),P(日保)
1150921,Songshan-Xindian Line(松山新店線),G13(北門站),EX2(出口2),1,1M(月檢),N(夜保)
1150921,Songshan-Xindian Line(松山新店線),G13(北門站),EX3(出口3),2,1M(月檢),N(夜保)
1150924,Songshan-Xindian Line(松山新店線),G13(北門站),T(轉乘通道),3,1Y(年檢),D(日保)
1150924,Songshan-Xindian Line(松山新店線),G13(北門站),T(轉乘通道),4,1M(月檢),D(日保)
1150929,Songshan-Xindian Line(松山新店線),G13(北門站),T(轉乘通道),5,1M(月檢),D(日保)
1150930,Songshan-Xindian Line(松山新店線),G13(北門站),P(月台),6,1M(月檢),D(日保)
1150930,Songshan-Xindian Line(松山新店線),G13(北門站),P(月台),7,1M(月檢),D(日保)
1150930,Songshan-Xindian Line(松山新店線),G13(北門站),P(月台),8,1M(月檢),D(日保)
1150930,Songshan-Xindian Line(松山新店線),G13(北門站),P(月台),9,1M(月檢),D(日保)
1150907,Songshan-Xindian Line(松山新店線),G14(中山站),EX5(出口5),1,1M(月檢),D(日保)
1150907,Songshan-Xindian Line(松山新店線),G14(中山站),EX6(出口6),2,1M(月檢),D(日保)
1150907,Songshan-Xindian Line(松山新店線),G15(松江南京站),T(轉乘通道),1,1M(月檢),D(日保)
1150918,Songshan-Xindian Line(松山新店線),G16(南京復興站),P(月台),1,1Y(年檢),D(日保)
1150903,Songshan-Xindian Line(松山新店線),G16(南京復興站),P(月台),2,1M(月檢),N(夜保)
1150901,Songshan-Xindian Line(松山新店線),G16(南京復興站),EX1(出口1),3,1M(月檢),D(日保)
1150907,Songshan-Xindian Line(松山新店線),G16(南京復興站),EX2(出口2),4,1Y(年檢),D(日保)
1150902,Songshan-Xindian Line(松山新店線),G17(台北小巨蛋站),P(月台),1,1M(月檢),N(夜保)
1150907,Songshan-Xindian Line(松山新店線),G17(台北小巨蛋站),EX2(出口2),2,1M(月檢),D(日保)
1150909,Songshan-Xindian Line(松山新店線),G17(台北小巨蛋站),EX3(出口3),4,1M(月檢),D(日保)
1150907,Songshan-Xindian Line(松山新店線),G17(台北小巨蛋站),EX1(出口1),5,1M(月檢),D(日保)
1150921,Songshan-Xindian Line(松山新店線),G18(南京三民站),P(月台),1,1M(月檢),N(夜保)
1150921,Songshan-Xindian Line(松山新店線),G18(南京三民站),EX2(出口2),2,1M(月檢),N(夜保)
1150921,Songshan-Xindian Line(松山新店線),G18(南京三民站),EX1(出口1),3,1M(月檢),N(夜保)
1150922,Songshan-Xindian Line(松山新店線),G19(松山站),P(月台),1,1M(月檢),N(夜保)
1150921,Songshan-Xindian Line(松山新店線),G19(松山站),EX3(出口3),2,1Y(年檢),N(夜保)
1150922,Songshan-Xindian Line(松山新店線),G19(松山站),EX5(出口5),3,1M(月檢),N(夜保)
1150924,Zhonghe-Xinlu Line(中和新蘆線),O01(南勢角站),K(停車場),1,1M(月檢),N(夜保)
1150917,Zhonghe-Xinlu Line(中和新蘆線),O01(南勢角站),P(月台),2,1M(月檢),N(夜保)
1150917,Zhonghe-Xinlu Line(中和新蘆線),O01(南勢角站),EX3(出口3),3,1M(月檢),N(夜保)
1150915,Zhonghe-Xinlu Line(中和新蘆線),O01(南勢角站),K(停車場),4,1M(月檢),D(日保)
1150914,Zhonghe-Xinlu Line(中和新蘆線),O01(南勢角站),K(停車場),5,1M(月檢),D(日保)
1150916,Zhonghe-Xinlu Line(中和新蘆線),O01(南勢角站),K(停車場),6,1M(月檢),D(日保)
1150917,Zhonghe-Xinlu Line(中和新蘆線),O01(南勢角站),K(停車場),7,1M(月檢),D(日保)
1150916,Zhonghe-Xinlu Line(中和新蘆線),O02(景安站),P(月台),1,1M(月檢),N(夜保)
1150905,Zhonghe-Xinlu Line(中和新蘆線),O03(永安市場站),P(月台),1,1M(月檢),N(夜保)
1150916,Zhonghe-Xinlu Line(中和新蘆線),O03(永安市場站),P(月台),2,1M(月檢),N(夜保)
1150903,Zhonghe-Xinlu Line(中和新蘆線),O04(頂溪站),P(月台),1,1M(月檢),N(夜保)
1150904,Zhonghe-Xinlu Line(中和新蘆線),O04(頂溪站),EX1(出口1),2,1M(月檢),N(夜保)
1150911,Zhonghe-Xinlu Line(中和新蘆線),O06(東門站),P(月台),1,1M(月檢),N(夜保)
1150911,Zhonghe-Xinlu Line(中和新蘆線),O06(東門站),EX8(出口8),2,1M(月檢),N(夜保)
1150912,Zhonghe-Xinlu Line(中和新蘆線),O07(忠孝新生站),P(月台),4,1M(月檢),N(夜保)
1150914,Zhonghe-Xinlu Line(中和新蘆線),O08(松江南京站),P(月台),1,1M(月檢),N(夜保)
1150914,Zhonghe-Xinlu Line(中和新蘆線),O08(松江南京站),P(月台),2,1M(月檢),N(夜保)
1150903,Zhonghe-Xinlu Line(中和新蘆線),O08(松江南京站),EX8(出口8),3,1M(月檢),N(夜保)
1150903,Zhonghe-Xinlu Line(中和新蘆線),O08(松江南京站),EX2(出口2),4,1M(月檢),N(夜保)
1150912,Zhonghe-Xinlu Line(中和新蘆線),O09(行天宮站),P(月台),1,1M(月檢),N(夜保)
1150904,Zhonghe-Xinlu Line(中和新蘆線),O09(行天宮站),EX2(出口2),2,1Y(年檢),N(夜保)
1150919,Zhonghe-Xinlu Line(中和新蘆線),O10(中山國小站),P(月台),1,1M(月檢),N(夜保)
1150915,Zhonghe-Xinlu Line(中和新蘆線),O10(中山國小站),EX4(出口4),2,1M(月檢),D(日保)
1150922,Zhonghe-Xinlu Line(中和新蘆線),O11(民權西路站),EX10(出口10),2,1M(月檢),N(夜保)
1150902,Zhonghe-Xinlu Line(中和新蘆線),O13(台北橋站),EX(出口),1,1M(月檢),N(夜保)
1150902,Zhonghe-Xinlu Line(中和新蘆線),O13(台北橋站),P(月台),2,1M(月檢),N(夜保)
1150903,Zhonghe-Xinlu Line(中和新蘆線),O14(菜寮站),P(月台),1,1M(月檢),N(夜保)
1150926,Zhonghe-Xinlu Line(中和新蘆線),O14(菜寮站),EX2(出口2),2,1M(月檢),N(夜保)
1150903,Zhonghe-Xinlu Line(中和新蘆線),O15(三重站),P(月台),1,1M(月檢),N(夜保)
1150911,Zhonghe-Xinlu Line(中和新蘆線),O15(三重站),EX1(出口1),2,1Y(年檢),D(日保)
1150911,Zhonghe-Xinlu Line(中和新蘆線),O15(三重站),EX1(出口1),3,1M(月檢),D(日保)
1150904,Zhonghe-Xinlu Line(中和新蘆線),O16(先嗇宮站),P(月台),1,1M(月檢),N(夜保)
1150920,Zhonghe-Xinlu Line(中和新蘆線),O16(先嗇宮站),EX1(出口1),2,1M(月檢),N(夜保)
1150930,Zhonghe-Xinlu Line(中和新蘆線),O17(頭前庄站),EX1(出口1),1,1M(月檢),N(夜保)
1150930,Zhonghe-Xinlu Line(中和新蘆線),O17(頭前庄站),P(月台),2,1M(月檢),N(夜保)
1150930,Zhonghe-Xinlu Line(中和新蘆線),O18(新莊站),EX2(出口2),1,1M(月檢),D(日保)
1150922,Zhonghe-Xinlu Line(中和新蘆線),O18(新莊站),P(月台),2,1Y(年檢),N(夜保)
1150922,Zhonghe-Xinlu Line(中和新蘆線),O18(新莊站),EX1(出口1),3,1Y(年檢),N(夜保)
1150930,Zhonghe-Xinlu Line(中和新蘆線),O19(輔大站),EX1(出口1),1,1Y(年檢),D(日保)
1150922,Zhonghe-Xinlu Line(中和新蘆線),O19(輔大站),P(月台),2,1M(月檢),N(夜保)
1150908,Zhonghe-Xinlu Line(中和新蘆線),O19(輔大站),EX2(出口2),3,1M(月檢),N(夜保)
1150929,Zhonghe-Xinlu Line(中和新蘆線),O20(丹鳳站),EX2(出口2),1,1M(月檢),N(夜保)
1150929,Zhonghe-Xinlu Line(中和新蘆線),O20(丹鳳站),P(月台),2,1M(月檢),N(夜保)
1150924,Zhonghe-Xinlu Line(中和新蘆線),O21(迴龍站),EX1(出口1),1,1M(月檢),N(夜保)
1150924,Zhonghe-Xinlu Line(中和新蘆線),O21(迴龍站),P(月台),2,1M(月檢),N(夜保)
1150915,Zhonghe-Xinlu Line(中和新蘆線),O50(三重國小站),P(月台),1,1M(月檢),N(夜保)
1150915,Zhonghe-Xinlu Line(中和新蘆線),O50(三重國小站),EX(出口),2,1M(月檢),N(夜保)
1150916,Zhonghe-Xinlu Line(中和新蘆線),O52(徐匯中學站),P(月台),2,1M(月檢),N(夜保)
1150919,Zhonghe-Xinlu Line(中和新蘆線),O52(徐匯中學站),EX2(出口2),3,1M(月檢),N(夜保)
1150918,Zhonghe-Xinlu Line(中和新蘆線),O54(蘆洲站),P(月台),1,1M(月檢),N(夜保)
1150911,Zhonghe-Xinlu Line(中和新蘆線),O54(蘆洲站),EX2(出口2),2,1Y(年檢),D(日保)
1150903,Zhonghe-Xinlu Line(中和新蘆線),O54(蘆洲站),P(月台),3,1M(月檢),D(日保)
1150903,Zhonghe-Xinlu Line(中和新蘆線),O54(蘆洲站),EX2(出口2),4,1M(月檢),D(日保)
1150922,Bannan Line(板南線),BL01(頂埔站),P(月台),1,1M(月檢),D(日保)
1150924,Bannan Line(板南線),BL01(頂埔站),EX1(出口1),2,1M(月檢),D(日保)
1150924,Bannan Line(板南線),BL01(頂埔站),EX4(出口4),4,1M(月檢),D(日保)
1150924,Bannan Line(板南線),BL01(頂埔站),K(停車場),5,1M(月檢),D(日保)
1150925,Bannan Line(板南線),BL02(永寧站),P(月台),1,1M(月檢),N(夜保)
1150929,Bannan Line(板南線),BL02(永寧站),EX2(出口2),2,1M(月檢),D(日保)
1150929,Bannan Line(板南線),BL02(永寧站),EX1(出口1),3,1M(月檢),D(日保)
1150923,Bannan Line(板南線),BL03(土城站),P(月台),1,1M(月檢),N(夜保)
1150923,Bannan Line(板南線),BL03(土城站),EX1(出口1),2,1M(月檢),N(夜保)
1150907,Bannan Line(板南線),BL04(海山站),P(月台),1,1M(月檢),N(夜保)
1150907,Bannan Line(板南線),BL04(海山站),EX2(出口2),2,1M(月檢),N(夜保)
1150908,Bannan Line(板南線),BL05(亞東醫院站),P(月台),1,1M(月檢),N(夜保)
1150908,Bannan Line(板南線),BL05(亞東醫院站),EX3(出口3),2,1M(月檢),N(夜保)
1150909,Bannan Line(板南線),BL06(府中站),EX1(出口1),1,1M(月檢),N(夜保)
1150909,Bannan Line(板南線),BL06(府中站),P(月台),2,1M(月檢),N(夜保)
1150910,Bannan Line(板南線),BL07(板橋站),T(轉乘通道),1,1M(月檢),N(夜保)
1150910,Bannan Line(板南線),BL07(板橋站),P(月台),2,1M(月檢),N(夜保)
1150914,Bannan Line(板南線),BL07(板橋站),EX3(出口3),3,1M(月檢),D(日保)
1150918,Bannan Line(板南線),BL08(新埔站),EX4(出口4),3,1M(月檢),D(日保)
1150911,Bannan Line(板南線),BL08(新埔站),P(月台),1,1M(月檢),N(夜保)
1150911,Bannan Line(板南線),BL08(新埔站),EX5(出口5),2,1M(月檢),N(夜保)
1150911,Bannan Line(板南線),BL09(江子翠站),P(月台),1,1M(月檢),N(夜保)
1150914,Bannan Line(板南線),BL09(江子翠站),EX3(出口3),2,1M(月檢),N(夜保)
1150915,Bannan Line(板南線),BL10(龍山寺站),EX1(出口1),1,1M(月檢),N(夜保)
1150915,Bannan Line(板南線),BL10(龍山寺站),P(月台),2,1M(月檢),N(夜保)
1150915,Bannan Line(板南線),BL10(龍山寺站),EX2(出口2),3,1M(月檢),N(夜保)
1150914,Bannan Line(板南線),BL11(西門站),P(月台),1,1M(月檢),N(夜保)
1150914,Bannan Line(板南線),BL11(西門站),EX4(出口4),2,1M(月檢),N(夜保)
1150929,Bannan Line(板南線),BL11(西門站),EX6(出口6),3,1M(月檢),N(夜保)
1150929,Bannan Line(板南線),BL11(西門站),T(轉乘通道),4,1M(月檢),N(夜保)
1150917,Bannan Line(板南線),US01(西門地下街站),EX5(出口5),1,1M(月檢),D(日保)
1150917,Bannan Line(板南線),BL12(台北車站),T(轉乘通道),4,1M(月檢),D(日保)
1150926,Bannan Line(板南線),BL12(台北車站),T(轉乘通道),5,1M(月檢),N(夜保)
1150916,Bannan Line(板南線),BL12(台北車站),P(月台),6,1M(月檢),N(夜保)
1150928,Bannan Line(板南線),BL12(台北車站),T(轉乘通道),7,1M(月檢),N(夜保)
1150916,Bannan Line(板南線),BL13(善導寺站),P(月台),1,1M(月檢),N(夜保)
1150916,Bannan Line(板南線),BL13(善導寺站),EX3(出口3),2,1M(月檢),N(夜保)
1150917,Bannan Line(板南線),BL14(忠孝新生站),P(月台),1,1M(月檢),N(夜保)
1150917,Bannan Line(板南線),BL14(忠孝新生站),EX2(出口2),2,1M(月檢),N(夜保)
1150912,Bannan Line(板南線),BL14(忠孝新生站),EX3(出口3),3,1M(月檢),N(夜保)
1150918,Bannan Line(板南線),US04(東區地下街站),T(轉乘通道),1,1M(月檢),N(夜保)
1150918,Bannan Line(板南線),US04(東區地下街站),EX1(出口1),3,1M(月檢),N(夜保)
1150917,Bannan Line(板南線),BL15(忠孝復興站),P(月台),1,1M(月檢),N(夜保)
1150901,Bannan Line(板南線),BL15(忠孝復興站),T(轉乘通道),2,1Y(年檢),N(夜保)
1150918,Bannan Line(板南線),BL16(忠孝敦化站),EX2(出口2),1,1M(月檢),N(夜保)
1150921,Bannan Line(板南線),BL16(忠孝敦化站),P(月台),2,1M(月檢),N(夜保)
1150921,Bannan Line(板南線),BL17(國父紀念館站),EX3(出口3),1,1M(月檢),N(夜保)
1150922,Bannan Line(板南線),BL17(國父紀念館站),P(月台),2,1Y(年檢),N(夜保)
1150921,Bannan Line(板南線),BL17(國父紀念館站),EX5(出口5),3,1M(月檢),N(夜保)
1150923,Bannan Line(板南線),BL18(市政府站),P(月台),1,1Y(年檢),N(夜保)
1150910,Bannan Line(板南線),BL18(市政府站),EX2(出口2),2,1Y(年檢),N(夜保)
1150918,Bannan Line(板南線),BL19(永春站),P(月台),1,1M(月檢),N(夜保)
1150918,Bannan Line(板南線),BL19(永春站),EX5(出口5),2,1M(月檢),N(夜保)
1150924,Bannan Line(板南線),BL20(後山埤站),P(月台),1,1M(月檢),N(夜保)
1150924,Bannan Line(板南線),BL20(後山埤站),EX3(出口3),2,1M(月檢),N(夜保)
1150924,Bannan Line(板南線),BL21(昆陽站),P(月台),1,1M(月檢),N(夜保)
1150910,Bannan Line(板南線),BL22(南港站),EX2(出口2),1,1M(月檢),D(日保)
1150911,Bannan Line(板南線),BL22(南港站),P(月台),2,1M(月檢),D(日保)
1150921,Bannan Line(板南線),BL23(南港展覽館站),P(月台),1,1M(月檢),P(日保)
1150911,Bannan Line(板南線),BL23(南港展覽館站),T(轉乘通道),2,1M(月檢),P(日保)
1150930,Bannan Line(板南線),BL23(南港展覽館站),EX5(出口5),3,1M(月檢),P(日保)
1150911,Bannan Line(板南線),BL23(南港展覽館站),K(停車場),4,1M(月檢),A(日保)
1150916,Tamsui-Xinyi Line(淡水信義線),R09(台大醫院站),EX1(出口1),4,1M(月檢),N(夜保)
1150905,Zhonghe-Xinlu Line(中和新蘆線),O11(民權西路站),EX10(出口10),2,1M(月檢),N(夜保)
1150916,Zhonghe-Xinlu Line(中和新蘆線),O51(三和國中站),P(月台),1,1M(月檢),N(夜保)
1150915,Zhonghe-Xinlu Line(中和新蘆線),O51(三和國中站),EX1(出口1),2,1M(月檢),D(日保)
1150917,Zhonghe-Xinlu Line(中和新蘆線),O51(三和國中站),EX2(出口2),3,1M(月檢),D(日保)
1150921,Zhonghe-Xinlu Line(中和新蘆線),O12(大橋頭站),P(月台),1,1M(月檢),N(夜保)
1150921,Zhonghe-Xinlu Line(中和新蘆線),O12(大橋頭站),EX1(出口1),2,1Y(年檢),N(夜保)
1150917,Zhonghe-Xinlu Line(中和新蘆線),O53(三民高中站),P(月台),1,1M(月檢),N(夜保)
1150917,Zhonghe-Xinlu Line(中和新蘆線),O53(三民高中站),EX1(出口1),2,1M(月檢),N(夜保)
1150917,Zhonghe-Xinlu Line(中和新蘆線),O10(中山國小站),EX2(出口2),3,1Y(年檢),D(日保)
